Year,Level,Indicator,Province,Girls,Boys,Total,GPI_computed_G_over_B,Source_Table
2077,Basic 1-5,GER,Koshi,119.7,118.2,118.9,1.013,Table 3.16
2077,Basic 1-5,GER,Madhesh,117.5,113.4,115.5,1.036,Table 3.16
2077,Basic 1-5,GER,Bagmati,117.6,117.9,117.8,0.997,Table 3.16
2077,Basic 1-5,GER,Gandaki,108.3,113.1,110.7,0.958,Table 3.16
2077,Basic 1-5,GER,Lumbini,117.3,118.7,118,0.988,Table 3.16
2077,Basic 1-5,GER,Karnali,131,127,129,1.031,Table 3.16
2077,Basic 1-5,GER,Sudurpaschim,123.2,119.5,121.4,1.031,Table 3.16
2077,Basic 1-5,GER,Nepal,118.9,117.6,118.2,1.011,Table 3.16
2077,Basic 1-5,NER,Koshi,96.9,98,97.4,0.989,Table 3.16
2077,Basic 1-5,NER,Madhesh,96.7,97.5,97.1,0.992,Table 3.16
2077,Basic 1-5,NER,Bagmati,96.8,97.7,97.2,0.991,Table 3.16
2077,Basic 1-5,NER,Gandaki,96.9,97.9,97.4,0.99,Table 3.16
2077,Basic 1-5,NER,Lumbini,96.9,98,97.4,0.989,Table 3.16
2077,Basic 1-5,NER,Karnali,97,98.1,97.5,0.989,Table 3.16
2077,Basic 1-5,NER,Sudurpaschim,97.1,98.3,97.7,0.988,Table 3.16
2077,Basic 1-5,NER,Nepal,96.9,97.9,97.4,0.99,Table 3.16
2077,Basic 6-8,GER,Koshi,110.2,107.2,108.7,1.028,Table 3.16
2077,Basic 6-8,GER,Madhesh,94.4,92.9,93.7,1.016,Table 3.16
2077,Basic 6-8,GER,Bagmati,108.9,106.1,107.5,1.026,Table 3.16
2077,Basic 6-8,GER,Gandaki,106.7,104.3,105.5,1.023,Table 3.16
2077,Basic 6-8,GER,Lumbini,103.9,103,103.4,1.009,Table 3.16
2077,Basic 6-8,GER,Karnali,114.3,108.8,111.5,1.051,Table 3.16
2077,Basic 6-8,GER,Sudurpaschim,110.3,107.2,108.7,1.029,Table 3.16
2077,Basic 6-8,GER,Nepal,105.8,103.4,104.6,1.023,Table 3.16
2077,Basic 6-8,NER,Koshi,94,94.9,94.4,0.991,Table 3.16
2077,Basic 6-8,NER,Madhesh,80.3,84.3,82.3,0.953,Table 3.16
2077,Basic 6-8,NER,Bagmati,95,94.9,95,1.001,Table 3.16
2077,Basic 6-8,NER,Gandaki,95.7,95.9,95.8,0.998,Table 3.16
2077,Basic 6-8,NER,Lumbini,90,91.7,90.8,0.981,Table 3.16
2077,Basic 6-8,NER,Karnali,93,94.6,93.8,0.983,Table 3.16
2077,Basic 6-8,NER,Sudurpaschim,94.7,95.3,95,0.994,Table 3.16
2077,Basic 6-8,NER,Nepal,91.8,93.1,92.4,0.986,Table 3.16
2077,Secondary 9-10,GER,Koshi,101.9,95,98.4,1.073,Table 3.40
2077,Secondary 9-10,GER,Madhesh,87.6,90.1,88.9,0.972,Table 3.40
2077,Secondary 9-10,GER,Bagmati,90.6,94.2,92.4,0.962,Table 3.40
2077,Secondary 9-10,GER,Gandaki,98.5,97.8,98.2,1.007,Table 3.40
2077,Secondary 9-10,GER,Lumbini,93.2,89.4,91.2,1.043,Table 3.40
2077,Secondary 9-10,GER,Karnali,123.8,121.3,122.6,1.021,Table 3.40
2077,Secondary 9-10,GER,Sudurpaschim,112.5,109.7,111.1,1.026,Table 3.40
2077,Secondary 9-10,GER,Nepal,97.6,96.2,96.9,1.015,Table 3.40
2077,Secondary 9-10,NER,Koshi,77.4,74.7,76,1.036,Table 3.40
2077,Secondary 9-10,NER,Madhesh,60.1,66,63,0.911,Table 3.40
2077,Secondary 9-10,NER,Bagmati,77.2,73.9,75.5,1.045,Table 3.40
2077,Secondary 9-10,NER,Gandaki,74.8,74.6,74.7,1.003,Table 3.40
2077,Secondary 9-10,NER,Lumbini,68.9,66.4,67.7,1.038,Table 3.40
2077,Secondary 9-10,NER,Karnali,67.9,65.1,66.5,1.043,Table 3.40
2077,Secondary 9-10,NER,Sudurpaschim,72.1,72.3,72.2,0.997,Table 3.40
2077,Secondary 9-10,NER,Nepal,71.2,70.4,70.8,1.011,Table 3.40
2077,Secondary 11-12,GER,Koshi,67.9,64,66,1.061,Table 3.40
2077,Secondary 11-12,GER,Madhesh,63.7,58.7,61.1,1.085,Table 3.40
2077,Secondary 11-12,GER,Bagmati,43,41.6,42.3,1.034,Table 3.40
2077,Secondary 11-12,GER,Gandaki,56.7,50.9,53.9,1.114,Table 3.40
2077,Secondary 11-12,GER,Lumbini,62.4,56.2,59.3,1.11,Table 3.40
2077,Secondary 11-12,GER,Karnali,70.6,62,66.3,1.139,Table 3.40
2077,Secondary 11-12,GER,Sudurpaschim,65.1,57,61.3,1.142,Table 3.40
2077,Secondary 11-12,GER,Nepal,58.6,54,56.3,1.085,Table 3.40
2077,Secondary 11-12,NER,Koshi,33.9,32.5,33.2,1.043,Table 3.40
2077,Secondary 11-12,NER,Madhesh,28.5,28.1,28.3,1.014,Table 3.40
2077,Secondary 11-12,NER,Bagmati,35.7,32.3,34,1.105,Table 3.40
2077,Secondary 11-12,NER,Gandaki,32,30.4,31.2,1.053,Table 3.40
2077,Secondary 11-12,NER,Lumbini,29.9,29.7,29.8,1.007,Table 3.40
2077,Secondary 11-12,NER,Karnali,28,30.9,29.5,0.906,Table 3.40
2077,Secondary 11-12,NER,Sudurpaschim,33.2,36.4,34.8,0.912,Table 3.40
2077,Secondary 11-12,NER,Nepal,31.6,31.5,31.5,1.003,Table 3.40
2078,Basic 1-5,GER,Koshi,117.9,119.65,118.77,0.985,Table 4.9
2078,Basic 1-5,GER,Madhesh,126.9,129.95,128.43,0.977,Table 4.9
2078,Basic 1-5,GER,Bagmati,118.34,119.07,118.71,0.994,Table 4.9
2078,Basic 1-5,GER,Gandaki,115.58,120.57,118.08,0.959,Table 4.9
2078,Basic 1-5,GER,Lumbini,120.65,125.45,123.05,0.962,Table 4.9
2078,Basic 1-5,GER,Karnali,124.23,123.06,123.65,1.01,Table 4.9
2078,Basic 1-5,GER,Sudurpaschim,121,122.7,121.85,0.986,Table 4.9
2078,Basic 1-5,GER,Nepal,120.76,123.08,121.92,0.981,Table 4.9
2078,Basic 1-5,NER,Koshi,96.47,97.34,96.9,0.991,Table 4.9
2078,Basic 1-5,NER,Madhesh,96.43,97.28,96.85,0.991,Table 4.9
2078,Basic 1-5,NER,Bagmati,96.43,97.33,96.88,0.991,Table 4.9
2078,Basic 1-5,NER,Gandaki,96.42,97.46,96.94,0.989,Table 4.9
2078,Basic 1-5,NER,Lumbini,96.41,97.35,96.88,0.99,Table 4.9
2078,Basic 1-5,NER,Karnali,96.38,97.58,96.98,0.988,Table 4.9
2078,Basic 1-5,NER,Sudurpaschim,96.5,97.24,96.87,0.992,Table 4.9
2078,Basic 1-5,NER,Nepal,96.44,97.36,96.9,0.991,Table 4.9
2078,Basic 6-8,GER,Koshi,99.55,101.63,100.59,0.98,Table 4.9
2078,Basic 6-8,GER,Madhesh,109.02,111.43,110.23,0.978,Table 4.9
2078,Basic 6-8,GER,Bagmati,110.66,111.39,111.03,0.993,Table 4.9
2078,Basic 6-8,GER,Gandaki,113.43,113.7,113.57,0.998,Table 4.9
2078,Basic 6-8,GER,Lumbini,115.22,114.12,114.67,1.01,Table 4.9
2078,Basic 6-8,GER,Karnali,115.73,114.3,115.02,1.013,Table 4.9
2078,Basic 6-8,GER,Sudurpaschim,115.56,114.94,115.25,1.005,Table 4.9
2078,Basic 6-8,GER,Nepal,110.42,111,110.71,0.995,Table 4.9
2078,Basic 6-8,NER,Koshi,81.84,84.05,82.95,0.974,Table 4.9
2078,Basic 6-8,NER,Madhesh,89.34,91.32,90.33,0.978,Table 4.9
2078,Basic 6-8,NER,Bagmati,94.96,96.44,95.7,0.985,Table 4.9
2078,Basic 6-8,NER,Gandaki,97.18,96.95,97.07,1.002,Table 4.9
2078,Basic 6-8,NER,Lumbini,98.2,97.35,97.77,1.009,Table 4.9
2078,Basic 6-8,NER,Karnali,98.38,97.23,97.8,1.012,Table 4.9
2078,Basic 6-8,NER,Sudurpaschim,98.22,97.38,97.8,1.009,Table 4.9
2078,Basic 6-8,NER,Nepal,93.02,93.64,93.33,0.993,Table 4.9
2078,Secondary 9-10,GER,Koshi,96.73,93.92,95.32,1.03,Table 5.8
2078,Secondary 9-10,GER,Madhesh,94.49,91.05,92.77,1.038,Table 5.8
2078,Secondary 9-10,GER,Bagmati,95.72,91.53,93.62,1.046,Table 5.8
2078,Secondary 9-10,GER,Gandaki,88.44,92,90.22,0.961,Table 5.8
2078,Secondary 9-10,GER,Lumbini,93.39,94.04,93.71,0.993,Table 5.8
2078,Secondary 9-10,GER,Karnali,108.87,105.58,107.22,1.031,Table 5.8
2078,Secondary 9-10,GER,Sudurpaschim,117.84,120.99,119.41,0.974,Table 5.8
2078,Secondary 9-10,GER,Nepal,98.49,97.21,97.85,1.013,Table 5.8
2078,Secondary 9-10,NER,Koshi,82.46,79.79,81.13,1.033,Table 5.8
2078,Secondary 9-10,NER,Madhesh,66.02,71.15,68.58,0.928,Table 5.8
2078,Secondary 9-10,NER,Bagmati,82.23,78.49,80.36,1.048,Table 5.8
2078,Secondary 9-10,NER,Gandaki,79.72,79.61,79.66,1.001,Table 5.8
2078,Secondary 9-10,NER,Lumbini,74.43,71.66,73.05,1.039,Table 5.8
2078,Secondary 9-10,NER,Karnali,73.52,70.75,72.13,1.039,Table 5.8
2078,Secondary 9-10,NER,Sudurpaschim,77.59,77.64,77.61,0.999,Table 5.8
2078,Secondary 9-10,NER,Nepal,76.48,75.63,76.05,1.011,Table 5.8
2078,Secondary 11-12,GER,Koshi,71.2,62.3,66.7,1.143,Table 5.8
2078,Secondary 11-12,GER,Madhesh,43,38,40.4,1.132,Table 5.8
2078,Secondary 11-12,GER,Bagmati,64.1,63.9,64,1.003,Table 5.8
2078,Secondary 11-12,GER,Gandaki,75.9,74.3,75.1,1.022,Table 5.8
2078,Secondary 11-12,GER,Lumbini,67.7,61.5,64.5,1.101,Table 5.8
2078,Secondary 11-12,GER,Karnali,78.9,74.7,76.9,1.056,Table 5.8
2078,Secondary 11-12,GER,Sudurpaschim,74.8,65.8,70.4,1.137,Table 5.8
2078,Secondary 11-12,GER,Nepal,65.5,60.2,62.8,1.088,Table 5.8
2078,Secondary 11-12,NER,Koshi,35.85,37.29,36.57,0.961,Table 5.8
2078,Secondary 11-12,NER,Madhesh,33.08,35.23,34.15,0.939,Table 5.8
2078,Secondary 11-12,NER,Bagmati,37.97,37.44,37.7,1.014,Table 5.8
2078,Secondary 11-12,NER,Gandaki,34.59,35.72,35.16,0.968,Table 5.8
2078,Secondary 11-12,NER,Lumbini,32.64,35.28,33.96,0.925,Table 5.8
2078,Secondary 11-12,NER,Karnali,32.63,38.75,35.69,0.842,Table 5.8
2078,Secondary 11-12,NER,Sudurpaschim,34.88,40.97,37.93,0.851,Table 5.8
2078,Secondary 11-12,NER,Nepal,34.6,37.1,35.8,0.933,Table 5.8
2079,Basic 1-5,GER,Koshi,119.9,122.3,121.1,0.98,Table 4.10
2079,Basic 1-5,GER,Madhesh,128.1,120.2,124,1.066,Table 4.10
2079,Basic 1-5,GER,Bagmati,132.8,134.6,133.7,0.987,Table 4.10
2079,Basic 1-5,GER,Gandaki,122.5,123.6,123,0.991,Table 4.10
2079,Basic 1-5,GER,Lumbini,132.6,133.9,133.3,0.99,Table 4.10
2079,Basic 1-5,GER,Karnali,147.4,141.1,144.2,1.045,Table 4.10
2079,Basic 1-5,GER,Sudurpaschim,142.2,134.9,138.4,1.054,Table 4.10
2079,Basic 1-5,GER,Nepal,130.6,128.5,129.5,1.016,Table 4.10
2079,Basic 1-5,NER,Koshi,96.2,97.3,96.8,0.989,Table 4.10
2079,Basic 1-5,NER,Madhesh,96.8,98,97.4,0.988,Table 4.10
2079,Basic 1-5,NER,Bagmati,97,97.8,97.4,0.992,Table 4.10
2079,Basic 1-5,NER,Gandaki,95.6,96.9,96.3,0.987,Table 4.10
2079,Basic 1-5,NER,Lumbini,96.9,98.1,97.5,0.988,Table 4.10
2079,Basic 1-5,NER,Karnali,95.4,96.8,96.1,0.986,Table 4.10
2079,Basic 1-5,NER,Sudurpaschim,96.3,97.4,96.8,0.989,Table 4.10
2079,Basic 1-5,NER,Nepal,96.5,97.6,97.1,0.989,Table 4.10
2079,Basic 6-8,GER,Koshi,116.2,110,113,1.056,Table 4.10
2079,Basic 6-8,GER,Madhesh,123.4,112.5,117.6,1.097,Table 4.10
2079,Basic 6-8,GER,Bagmati,115.7,110,112.7,1.052,Table 4.10
2079,Basic 6-8,GER,Gandaki,114.7,109.2,111.7,1.05,Table 4.10
2079,Basic 6-8,GER,Lumbini,119.3,111,114.8,1.075,Table 4.10
2079,Basic 6-8,GER,Karnali,117.8,109.8,113.6,1.073,Table 4.10
2079,Basic 6-8,GER,Sudurpaschim,119.1,110.6,114.7,1.077,Table 4.10
2079,Basic 6-8,GER,Nepal,118.4,110.6,114.3,1.071,Table 4.10
2079,Basic 6-8,NER,Koshi,94,94.5,94.3,0.995,Table 4.10
2079,Basic 6-8,NER,Madhesh,94.4,93.8,94.1,1.006,Table 4.10
2079,Basic 6-8,NER,Bagmati,94,95.1,94.6,0.988,Table 4.10
2079,Basic 6-8,NER,Gandaki,94.2,94.9,94.6,0.993,Table 4.10
2079,Basic 6-8,NER,Lumbini,94.4,94.4,94.4,1,Table 4.10
2079,Basic 6-8,NER,Karnali,94.2,94.4,94.3,0.998,Table 4.10
2079,Basic 6-8,NER,Sudurpaschim,94,94.3,94.1,0.997,Table 4.10
2079,Basic 6-8,NER,Nepal,94.2,94.5,94.3,0.997,Table 4.10
2079,Secondary 9-10,GER,Koshi,96.6,99.4,97.9,0.972,Table 5.8
2079,Secondary 9-10,GER,Madhesh,98.6,100.3,99.5,0.983,Table 5.8
2079,Secondary 9-10,GER,Bagmati,96.1,101.1,98.6,0.951,Table 5.8
2079,Secondary 9-10,GER,Gandaki,96.9,101.3,99.1,0.957,Table 5.8
2079,Secondary 9-10,GER,Lumbini,97.5,98.4,97.9,0.991,Table 5.8
2079,Secondary 9-10,GER,Karnali,95.5,87.4,91.3,1.093,Table 5.8
2079,Secondary 9-10,GER,Sudurpaschim,98.1,108.5,103,0.904,Table 5.8
2079,Secondary 9-10,GER,Nepal,97.1,99.8,98.4,0.973,Table 5.8
2079,Secondary 9-10,NER,Koshi,76.3,77.2,76.7,0.988,Table 5.8
2079,Secondary 9-10,NER,Madhesh,75.2,76.1,75.7,0.988,Table 5.8
2079,Secondary 9-10,NER,Bagmati,75.6,78.7,77.2,0.961,Table 5.8
2079,Secondary 9-10,NER,Gandaki,76.8,79,77.9,0.972,Table 5.8
2079,Secondary 9-10,NER,Lumbini,75.8,75.5,75.6,1.004,Table 5.8
2079,Secondary 9-10,NER,Karnali,75,68.5,71.6,1.095,Table 5.8
2079,Secondary 9-10,NER,Sudurpaschim,76.2,84.2,80,0.905,Table 5.8
2079,Secondary 9-10,NER,Nepal,75.8,77.1,76.5,0.983,Table 5.8
2079,Secondary 11-12,GER,Koshi,58.9,69.9,63.6,0.843,Table 5.8
2079,Secondary 11-12,GER,Madhesh,70.5,72.5,71.5,0.972,Table 5.8
2079,Secondary 11-12,GER,Bagmati,60.9,68.5,64.4,0.889,Table 5.8
2079,Secondary 11-12,GER,Gandaki,59,71.4,64.5,0.826,Table 5.8
2079,Secondary 11-12,GER,Lumbini,67.5,70.7,69,0.955,Table 5.8
2079,Secondary 11-12,GER,Karnali,67,70.2,68.5,0.954,Table 5.8
2079,Secondary 11-12,GER,Sudurpaschim,64.1,68.5,66.1,0.936,Table 5.8
2079,Secondary 11-12,GER,Nepal,63.3,70,66.4,0.904,Table 5.8
2079,Secondary 11-12,NER,Koshi,32.8,36.9,34.6,0.889,Table 5.8
2079,Secondary 11-12,NER,Madhesh,36,36.1,36,0.997,Table 5.8
2079,Secondary 11-12,NER,Bagmati,34.9,38.4,36.5,0.909,Table 5.8
2079,Secondary 11-12,NER,Gandaki,33.1,38.3,35.4,0.864,Table 5.8
2079,Secondary 11-12,NER,Lumbini,36.3,36.5,36.4,0.995,Table 5.8
2079,Secondary 11-12,NER,Karnali,37.3,38.4,37.8,0.971,Table 5.8
2079,Secondary 11-12,NER,Sudurpaschim,34.9,37.3,36,0.936,Table 5.8
2079,Secondary 11-12,NER,Nepal,34.8,37.4,36,0.93,Table 5.8
2080,Basic 1-5,GER,Koshi,114.7,118,116.4,0.972,Table 4.10
2080,Basic 1-5,GER,Madhesh,125.9,123.2,124.5,1.022,Table 4.10
2080,Basic 1-5,GER,Bagmati,128.5,132.5,130.6,0.97,Table 4.10
2080,Basic 1-5,GER,Gandaki,116.7,118.9,117.9,0.981,Table 4.10
2080,Basic 1-5,GER,Lumbini,127.5,129.3,128.4,0.986,Table 4.10
2080,Basic 1-5,GER,Karnali,125.6,127.2,126.4,0.987,Table 4.10
2080,Basic 1-5,GER,Sudurpaschim,128.6,126.1,127.3,1.02,Table 4.10
2080,Basic 1-5,GER,Nepal,124.3,125.2,124.8,0.993,Table 4.10
2080,Basic 1-5,NER,Koshi,95.6,95.7,95.6,0.999,Table 4.10
2080,Basic 1-5,NER,Madhesh,95.5,95.4,95.4,1.001,Table 4.10
2080,Basic 1-5,NER,Bagmati,96,96.1,96.1,0.999,Table 4.10
2080,Basic 1-5,NER,Gandaki,95.1,95.7,95.4,0.994,Table 4.10
2080,Basic 1-5,NER,Lumbini,95.5,95.5,95.5,1,Table 4.10
2080,Basic 1-5,NER,Karnali,95.9,95.8,95.9,1.001,Table 4.10
2080,Basic 1-5,NER,Sudurpaschim,95.8,95.7,95.7,1.001,Table 4.10
2080,Basic 1-5,NER,Nepal,95.6,95.7,95.6,0.999,Table 4.10
2080,Basic 6-8,GER,Koshi,121.4,115.4,118.3,1.052,Table 4.10
2080,Basic 6-8,GER,Madhesh,107.6,104.9,106.2,1.026,Table 4.10
2080,Basic 6-8,GER,Bagmati,129.9,120.3,124.6,1.08,Table 4.10
2080,Basic 6-8,GER,Gandaki,123.1,118.8,120.8,1.036,Table 4.10
2080,Basic 6-8,GER,Lumbini,119.2,112.8,115.8,1.057,Table 4.10
2080,Basic 6-8,GER,Karnali,124.3,111.4,117.5,1.116,Table 4.10
2080,Basic 6-8,GER,Sudurpaschim,120.2,108.9,114.3,1.104,Table 4.10
2080,Basic 6-8,GER,Nepal,119.4,112.7,116.1,1.059,Table 4.10
2080,Basic 6-8,NER,Koshi,94.3,95.2,94.8,0.991,Table 4.10
2080,Basic 6-8,NER,Madhesh,93.7,92.2,92.9,1.016,Table 4.10
2080,Basic 6-8,NER,Bagmati,95,96.1,95.6,0.989,Table 4.10
2080,Basic 6-8,NER,Gandaki,94.2,95,94.6,0.992,Table 4.10
2080,Basic 6-8,NER,Lumbini,94.1,94.5,94.3,0.996,Table 4.10
2080,Basic 6-8,NER,Karnali,94.2,94.9,94.6,0.993,Table 4.10
2080,Basic 6-8,NER,Sudurpaschim,94.5,94.3,94.4,1.002,Table 4.10
2080,Basic 6-8,NER,Nepal,94.3,94.5,94.4,0.998,Table 4.10
2080,Secondary 9-10,GER,Koshi,96.7,99.1,97.9,0.976,Table 5.8
2080,Secondary 9-10,GER,Madhesh,92.3,100.6,96.4,0.917,Table 5.8
2080,Secondary 9-10,GER,Bagmati,107.8,107.8,108.8,1,Table 5.8
2080,Secondary 9-10,GER,Gandaki,99,100.1,99.6,0.989,Table 5.8
2080,Secondary 9-10,GER,Lumbini,96.2,97.4,96.8,0.988,Table 5.8
2080,Secondary 9-10,GER,Karnali,94.9,96,95.4,0.989,Table 5.8
2080,Secondary 9-10,GER,Sudurpaschim,93.1,95,94,0.98,Table 5.8
2080,Secondary 9-10,GER,Nepal,97.3,100.1,98.7,0.972,Table 5.8
2080,Secondary 9-10,NER,Koshi,75.9,76,75.9,0.999,Table 5.8
2080,Secondary 9-10,NER,Madhesh,75.3,76.2,75.7,0.988,Table 5.8
2080,Secondary 9-10,NER,Bagmati,75.5,77.7,76.6,0.972,Table 5.8
2080,Secondary 9-10,NER,Gandaki,76.3,77.8,77.1,0.981,Table 5.8
2080,Secondary 9-10,NER,Lumbini,75.6,75.7,75.7,0.999,Table 5.8
2080,Secondary 9-10,NER,Karnali,75.6,79.9,77.7,0.946,Table 5.8
2080,Secondary 9-10,NER,Sudurpaschim,75.8,80.4,78.1,0.943,Table 5.8
2080,Secondary 9-10,NER,Nepal,75.7,77.3,76.5,0.979,Table 5.8
2080,Secondary 11-12,GER,Koshi,66.4,69.5,67.8,0.955,Table 5.8
2080,Secondary 11-12,GER,Madhesh,37.1,51.8,43.3,0.716,Table 5.8
2080,Secondary 11-12,GER,Bagmati,88.4,94.6,91.5,0.934,Table 5.8
2080,Secondary 11-12,GER,Gandaki,72.2,72.4,72.3,0.997,Table 5.8
2080,Secondary 11-12,GER,Lumbini,62.9,69.6,66,0.904,Table 5.8
2080,Secondary 11-12,GER,Karnali,69.9,70.3,70.1,0.994,Table 5.8
2080,Secondary 11-12,GER,Sudurpaschim,59.4,63.9,61.5,0.93,Table 5.8
2080,Secondary 11-12,GER,Nepal,63.7,71.5,67.6,0.891,Table 5.8
2080,Secondary 11-12,NER,Koshi,35.5,38.5,36.9,0.922,Table 5.8
2080,Secondary 11-12,NER,Madhesh,23.9,29,26,0.824,Table 5.8
2080,Secondary 11-12,NER,Bagmati,46.7,46.4,46.6,1.006,Table 5.8
2080,Secondary 11-12,NER,Gandaki,39.9,41.3,40.6,0.966,Table 5.8
2080,Secondary 11-12,NER,Lumbini,35,36.9,35.9,0.949,Table 5.8
2080,Secondary 11-12,NER,Karnali,42.4,40.5,41.5,1.047,Table 5.8
2080,Secondary 11-12,NER,Sudurpaschim,35.4,36.3,35.8,0.975,Table 5.8
2080,Secondary 11-12,NER,Nepal,35.9,38.4,37.1,0.935,Table 5.8
2081,Basic 1-5,GER,Koshi,119.7,133.4,126.5,0.897,Table 4.7
2081,Basic 1-5,GER,Madhesh,123.5,133.4,128.5,0.926,Table 4.7
2081,Basic 1-5,GER,Bagmati,129.5,137,133.4,0.945,Table 4.7
2081,Basic 1-5,GER,Gandaki,124.1,137.7,131,0.901,Table 4.7
2081,Basic 1-5,GER,Lumbini,126.7,139.1,133,0.911,Table 4.7
2081,Basic 1-5,GER,Karnali,126.9,136.7,131.7,0.928,Table 4.7
2081,Basic 1-5,GER,Sudurpaschim,127.3,136.3,131.8,0.934,Table 4.7
2081,Basic 1-5,GER,Nepal,125.1,135.8,130.5,0.921,Table 4.7
2081,Basic 1-5,NER,Koshi,94.5,94.7,94.6,0.998,Table 4.7
2081,Basic 1-5,NER,Madhesh,94.3,94,94.1,1.003,Table 4.7
2081,Basic 1-5,NER,Bagmati,95.5,94.3,94.9,1.013,Table 4.7
2081,Basic 1-5,NER,Gandaki,95.4,95.1,95.2,1.003,Table 4.7
2081,Basic 1-5,NER,Lumbini,93.9,93.8,93.8,1.001,Table 4.7
2081,Basic 1-5,NER,Karnali,94.5,95.3,94.9,0.992,Table 4.7
2081,Basic 1-5,NER,Sudurpaschim,94.5,94.1,94.3,1.004,Table 4.7
2081,Basic 1-5,NER,Nepal,94.5,94.3,94.4,1.002,Table 4.7
2081,Basic 6-8,GER,Koshi,116.5,117.4,117,0.992,Table 4.7
2081,Basic 6-8,GER,Madhesh,113,111.6,112.3,1.013,Table 4.7
2081,Basic 6-8,GER,Bagmati,114.5,118.8,116.7,0.964,Table 4.7
2081,Basic 6-8,GER,Gandaki,116.8,118.6,117.7,0.985,Table 4.7
2081,Basic 6-8,GER,Lumbini,114.1,114,114,1.001,Table 4.7
2081,Basic 6-8,GER,Karnali,116.3,115.9,116.1,1.003,Table 4.7
2081,Basic 6-8,GER,Sudurpaschim,114.8,113.3,114.1,1.013,Table 4.7
2081,Basic 6-8,GER,Nepal,114.7,115.3,115,0.995,Table 4.7
2081,Basic 6-8,NER,Koshi,93.3,93.5,93.4,0.998,Table 4.7
2081,Basic 6-8,NER,Madhesh,93.7,93.7,93.7,1,Table 4.7
2081,Basic 6-8,NER,Bagmati,93.5,93.9,93.7,0.996,Table 4.7
2081,Basic 6-8,NER,Gandaki,93.6,92.9,93.3,1.008,Table 4.7
2081,Basic 6-8,NER,Lumbini,93.6,93.8,93.7,0.998,Table 4.7
2081,Basic 6-8,NER,Karnali,93.7,93.5,93.6,1.002,Table 4.7
2081,Basic 6-8,NER,Sudurpaschim,93.5,93.7,93.6,0.998,Table 4.7
2081,Basic 6-8,NER,Nepal,93.6,93.7,93.6,0.999,Table 4.7
2081,Secondary 9-10,GER,Koshi,97.8,99.3,98.5,0.985,Table 5.6
2081,Secondary 9-10,GER,Madhesh,96.2,99.1,97.7,0.971,Table 5.6
2081,Secondary 9-10,GER,Bagmati,103.3,106.4,104.9,0.971,Table 5.6
2081,Secondary 9-10,GER,Gandaki,98.1,100.2,99.2,0.979,Table 5.6
2081,Secondary 9-10,GER,Lumbini,97.2,98.5,97.9,0.987,Table 5.6
2081,Secondary 9-10,GER,Karnali,95.7,98.2,96.9,0.975,Table 5.6
2081,Secondary 9-10,GER,Sudurpaschim,94.3,95.5,94.9,0.987,Table 5.6
2081,Secondary 9-10,GER,Nepal,98,100.2,99.1,0.978,Table 5.6
2081,Secondary 9-10,NER,Koshi,76.6,74.2,75.4,1.032,Table 5.6
2081,Secondary 9-10,NER,Madhesh,84.1,80.8,82.4,1.041,Table 5.6
2081,Secondary 9-10,NER,Bagmati,75.5,68.5,71.9,1.102,Table 5.6
2081,Secondary 9-10,NER,Gandaki,75.9,69.4,72.6,1.094,Table 5.6
2081,Secondary 9-10,NER,Lumbini,77.5,75.4,76.5,1.028,Table 5.6
2081,Secondary 9-10,NER,Karnali,70.7,71.5,71.1,0.989,Table 5.6
2081,Secondary 9-10,NER,Sudurpaschim,75.7,76.8,76.2,0.986,Table 5.6
2081,Secondary 9-10,NER,Nepal,77.3,74.2,75.8,1.042,Table 5.6
2081,Secondary 11-12,GER,Koshi,62.1,64.8,63.4,0.958,Table 5.6
2081,Secondary 11-12,GER,Madhesh,39.3,56.5,46.6,0.696,Table 5.6
2081,Secondary 11-12,GER,Bagmati,78.9,89.6,84.3,0.881,Table 5.6
2081,Secondary 11-12,GER,Gandaki,61.1,61.5,61.3,0.993,Table 5.6
2081,Secondary 11-12,GER,Lumbini,54.9,62.6,58.5,0.877,Table 5.6
2081,Secondary 11-12,GER,Karnali,67.4,69.6,68.5,0.968,Table 5.6
2081,Secondary 11-12,GER,Sudurpaschim,52.6,60.3,56.1,0.872,Table 5.6
2081,Secondary 11-12,GER,Nepal,58.9,68.3,63.3,0.862,Table 5.6
2081,Secondary 11-12,NER,Koshi,39.5,37,38.3,1.068,Table 5.6
2081,Secondary 11-12,NER,Madhesh,23.7,30,26.4,0.79,Table 5.6
2081,Secondary 11-12,NER,Bagmati,43,37,40,1.162,Table 5.6
2081,Secondary 11-12,NER,Gandaki,43.5,42.8,43.1,1.016,Table 5.6
2081,Secondary 11-12,NER,Lumbini,37.6,37.3,37.5,1.008,Table 5.6
2081,Secondary 11-12,NER,Karnali,46.9,42,44.5,1.117,Table 5.6
2081,Secondary 11-12,NER,Sudurpaschim,39.1,37,38.2,1.057,Table 5.6
2081,Secondary 11-12,NER,Nepal,37.5,36.8,37.1,1.019,Table 5.6
2082,Basic 1-5,GER,Koshi,120.6,123.8,122.3,0.974,Table 4.7
2082,Basic 1-5,GER,Madhesh,139,138.2,138.5,1.006,Table 4.7
2082,Basic 1-5,GER,Bagmati,137.6,143.8,140.8,0.957,Table 4.7
2082,Basic 1-5,GER,Gandaki,118.8,121.3,120.1,0.979,Table 4.7
2082,Basic 1-5,GER,Lumbini,133.5,136.9,135.3,0.975,Table 4.7
2082,Basic 1-5,GER,Karnali,136.2,132.1,134,1.031,Table 4.7
2082,Basic 1-5,GER,Sudurpaschim,136.5,131.4,133.8,1.039,Table 4.7
2082,Basic 1-5,GER,Nepal,133,134.5,133.8,0.989,Table 4.7
2082,Basic 1-5,NER,Koshi,92.5,91.6,92.1,1.01,Table 4.7
2082,Basic 1-5,NER,Madhesh,97.4,93.4,95.3,1.043,Table 4.7
2082,Basic 1-5,NER,Bagmati,100,100,100,1,Table 4.7
2082,Basic 1-5,NER,Gandaki,96.1,94.8,95.4,1.014,Table 4.7
2082,Basic 1-5,NER,Lumbini,97.6,95.9,96.8,1.018,Table 4.7
2082,Basic 1-5,NER,Karnali,100,100,100,1,Table 4.7
2082,Basic 1-5,NER,Sudurpaschim,99.3,92.5,95.7,1.074,Table 4.7
2082,Basic 1-5,NER,Nepal,99.2,96.8,97.9,1.025,Table 4.7
2082,Basic 6-8,GER,Koshi,104.8,106.3,105.6,0.986,Table 4.7
2082,Basic 6-8,GER,Madhesh,100.5,95,97.6,1.058,Table 4.7
2082,Basic 6-8,GER,Bagmati,123,127.6,125.4,0.964,Table 4.7
2082,Basic 6-8,GER,Gandaki,111.6,112.6,112.1,0.991,Table 4.7
2082,Basic 6-8,GER,Lumbini,104.6,105.3,104.9,0.993,Table 4.7
2082,Basic 6-8,GER,Karnali,116.6,110.7,113.6,1.053,Table 4.7
2082,Basic 6-8,GER,Sudurpaschim,121.6,113.7,117.5,1.069,Table 4.7
2082,Basic 6-8,GER,Nepal,109.6,108.3,108.9,1.012,Table 4.7
2082,Basic 6-8,NER,Koshi,97.1,96.8,96.9,1.003,Table 4.7
2082,Basic 6-8,NER,Madhesh,82.8,76,79.2,1.089,Table 4.7
2082,Basic 6-8,NER,Bagmati,100,100,100,1,Table 4.7
2082,Basic 6-8,NER,Gandaki,100,100,100,1,Table 4.7
2082,Basic 6-8,NER,Lumbini,93.4,91.9,92.6,1.016,Table 4.7
2082,Basic 6-8,NER,Karnali,100,99.2,99.6,1.008,Table 4.7
2082,Basic 6-8,NER,Sudurpaschim,100,100,100,1,Table 4.7
2082,Basic 6-8,NER,Nepal,97.6,95.1,96.3,1.026,Table 4.7
2082,Secondary 9-10,GER,Koshi,93.61,89.71,91.61,1.043,Table 5.6
2082,Secondary 9-10,GER,Madhesh,70.21,67.32,68.7,1.043,Table 5.6
2082,Secondary 9-10,GER,Bagmati,110.83,110.83,110.83,1,Table 5.6
2082,Secondary 9-10,GER,Gandaki,100.45,97.93,99.13,1.026,Table 5.6
2082,Secondary 9-10,GER,Lumbini,85.45,82.06,83.7,1.041,Table 5.6
2082,Secondary 9-10,GER,Karnali,98.6,93.53,96.02,1.054,Table 5.6
2082,Secondary 9-10,GER,Sudurpaschim,87.2,82.67,84.88,1.055,Table 5.6
2082,Secondary 9-10,GER,Nepal,89.6,86.67,88.08,1.034,Table 5.6
2082,Secondary 9-10,NER,Koshi,83.48,76.59,79.95,1.09,Table 5.6
2082,Secondary 9-10,NER,Madhesh,52.28,46.94,49.5,1.114,Table 5.6
2082,Secondary 9-10,NER,Bagmati,99.68,97.58,98.59,1.022,Table 5.6
2082,Secondary 9-10,NER,Gandaki,93.1,88.11,90.49,1.057,Table 5.6
2082,Secondary 9-10,NER,Lumbini,72.27,66.48,69.28,1.087,Table 5.6
2082,Secondary 9-10,NER,Karnali,83.64,78.37,80.95,1.067,Table 5.6
2082,Secondary 9-10,NER,Sudurpaschim,71.01,67.72,69.33,1.049,Table 5.6
2082,Secondary 9-10,NER,Nepal,76.09,71.22,73.57,1.068,Table 5.6
2082,Secondary 11-12,GER,Koshi,66.28,62.56,64.39,1.059,Table 5.6
2082,Secondary 11-12,GER,Madhesh,39.97,39.4,39.67,1.014,Table 5.6
2082,Secondary 11-12,GER,Bagmati,98.62,108.46,103.69,0.909,Table 5.6
2082,Secondary 11-12,GER,Gandaki,61.55,61.26,61.4,1.005,Table 5.6
2082,Secondary 11-12,GER,Lumbini,56.92,55.93,56.42,1.018,Table 5.6
2082,Secondary 11-12,GER,Karnali,67.24,66.94,67.09,1.004,Table 5.6
2082,Secondary 11-12,GER,Sudurpaschim,54.15,54.61,54.38,0.992,Table 5.6
2082,Secondary 11-12,GER,Nepal,62.72,63.67,63.2,0.985,Table 5.6
2082,Secondary 11-12,NER,Koshi,38.82,34.8,36.78,1.116,Table 5.6
2082,Secondary 11-12,NER,Madhesh,20.46,18.94,19.68,1.08,Table 5.6
2082,Secondary 11-12,NER,Bagmati,58.51,61.62,60.12,0.95,Table 5.6
2082,Secondary 11-12,NER,Gandaki,37.15,35.66,36.39,1.042,Table 5.6
2082,Secondary 11-12,NER,Lumbini,32.15,29.85,30.99,1.077,Table 5.6
2082,Secondary 11-12,NER,Karnali,37.51,35.53,36.52,1.056,Table 5.6
2082,Secondary 11-12,NER,Sudurpaschim,29.55,29.01,29.28,1.019,Table 5.6
2082,Secondary 11-12,NER,Nepal,35.69,34.59,35.13,1.032,Table 5.6
